amfi_code,cagr,volatility,sharpe_ratio,max_drawdown,var_95,cvar_95,fund_name
100016,0.027767290988929716,0.14548134802183876,-0.1528217143529138,-0.24734440880673303,-0.014363639988111142,-0.01806020763217176,HDFC Top 100 Fund - Regular Plan - Growth
100025,0.04380100085840155,0.039052455281001604,-0.15873519595614685,-0.04308263824636327,-0.003793246199522682,-0.004993763020560281,HDFC Short Term Debt Fund - Regular - Growth
100033,0.2930782821000395,0.18936710835214166,1.2836351793893273,-0.16217208574644837,-0.019033535861558825,-0.023455762770703794,HDFC Mid-Cap Opportunities Fund - Regular - Growth
101206,0.2259554592416353,0.14568212847454326,1.2078040119545759,-0.11291596329323095,-0.013281661986281489,-0.017439425687129195,ABSL Frontline Equity Fund - Regular - Growth
101207,0.07908392512271889,0.2579732221707774,0.11274009324683097,-0.35446916493366043,-0.026021248221061066,-0.03245905898704435,ABSL Small Cap Fund - Regular - Growth
101208,0.06277182379105373,0.005064371352310742,2.5218971719414434,-0.0016224980244715637,-0.0002686575130400159,-0.0004220820655857685,ABSL Liquid Fund - Regular - Growth
102885,0.17255622378647328,0.1283662839786056,0.9547384249815888,-0.10859862152502298,-0.01261262882069356,-0.01549040525311211,UTI Nifty 50 Index Fund - Regular - Growth
102886,0.008812109804251289,0.18134576297311303,-0.2271235319782761,-0.2800112356639297,-0.01922028344426503,-0.023250860269221213,UTI Mid Cap Fund - Regular - Growth
102887,0.16473771900634082,0.15758366917912994,0.7281066598082262,-0.21285398874796857,-0.015231617279157872,-0.019411182679158694,UTI Flexi Cap Fund - Regular - Growth
118632,0.23135375521457213,0.14148352294996655,1.2818012404080799,-0.17414075086657277,-0.013954045870018117,-0.017618579320162156,Nippon India Large Cap Fund - Regular - Growth
118633,0.16037122082018107,0.13997213649186155,0.7885227987971622,-0.18629743138595556,-0.013442525143024242,-0.016630178254004827,Nippon India Large Cap Fund - Direct - Growth
118634,0.1585011448920397,0.2524152094634046,0.4298518505390235,-0.23344886144833177,-0.025438111458963106,-0.032304072697818535,Nippon India Small Cap Fund - Regular - Growth
118635,0.1560445271915949,0.12983158874316306,0.8167852540214656,-0.11511457598975472,-0.012553697284754662,-0.01617696049480912,Nippon India ETF Nifty 50 BeES
118636,0.050538711711369366,0.039855381553882616,0.01351666174970751,-0.0831636176363858,-0.003804146068944347,-0.004918918420478294,Nippon India Gilt Securities Fund - Regular - Growth
119092,0.06291432420976317,0.13950661341123835,0.09257141216448467,-0.1440161790933725,-0.013749592076363814,-0.017327870956436054,Axis Bluechip Fund - Regular - Growth
119093,0.07614905045252951,0.13983295593638856,0.18700205740072445,-0.21751396370148146,-0.014225516634796053,-0.01748670974901306,Axis Bluechip Fund - Direct - Growth
119094,0.27202971093533734,0.1940711742333472,1.1440633149793455,-0.20960883862039204,-0.018480276243938307,-0.02426005947837057,Axis Midcap Fund - Regular - Growth
119095,0.010550755924262134,0.2506658023260044,-0.1573778461588151,-0.5167775370852661,-0.02618842440959035,-0.03166729360598028,Axis Small Cap Fund - Regular - Growth
119120,0.05615925074406469,0.039670623690338705,0.1552597406116582,-0.04328728923970038,-0.003938283121850805,-0.005013693153022244,SBI Magnum Gilt Fund - Regular Plan - Growth
119551,0.2481583091667401,0.13741434141879644,1.4420496952557145,-0.15012385498645375,-0.012846228628842571,-0.01639680693408763,SBI Bluechip Fund - Regular Plan - Growth
119552,0.21186862087109115,0.13939367612717501,1.1612336037641424,-0.11803493502764328,-0.013500970479935082,-0.017335699664199813,SBI Bluechip Fund - Direct Plan - Growth
119598,0.3155417326416201,0.25140578624384674,1.0562276095907452,-0.28706005721764627,-0.0245070519056771,-0.03059526410880242,SBI Small Cap Fund - Regular Plan - Growth
119599,0.024052372519076437,0.24950125122855862,-0.10399798539348377,-0.5257422117012853,-0.02685943514961382,-0.03238412245049217,SBI Small Cap Fund - Direct Plan - Growth
120503,0.17961534180131866,0.1388443751311979,0.9335296563425168,-0.1389786282306159,-0.01355001716250348,-0.01745055416552432,ICICI Pru Bluechip Fund - Regular - Growth
120504,0.22703522023936396,0.14363780566736659,1.23251131146725,-0.1258827560692246,-0.013728193295939772,-0.017494143685606606,ICICI Pru Bluechip Fund - Direct - Growth
120505,0.32093479252422474,0.19290949406318195,1.4044658291182281,-0.18188513572116338,-0.01889178619869274,-0.02434207039551981,ICICI Pru Midcap Fund - Regular - Growth
120506,0.16426174860560927,0.15230516379673067,0.750215854520239,-0.19825658262982693,-0.014388462899080912,-0.01940489860249691,ICICI Pru Value Discovery Fund - Regular - Growth
120507,0.06963971521481649,0.0049391262595120155,3.9763541531244204,-0.0009773140045926665,-0.00022157351389344714,-0.00037258039979649643,ICICI Pru Liquid Fund - Regular - Growth
120841,0.1294051715790443,0.13463795800784448,0.5897680918067538,-0.1757361416468739,-0.013141782186804063,-0.01636273661834337,Kotak Bluechip Fund - Regular - Growth
120842,0.060588564713299986,0.17894715006571874,0.059171463247172755,-0.24003511326274685,-0.01821853045255608,-0.02272497526268088,Kotak Emerging Equity Fund - Regular - Growth
120843,0.2916681455886083,0.1588698652360926,1.521170457528061,-0.1297396816518681,-0.014507941385630474,-0.018381077688017156,Kotak Flexicap Fund - Regular - Growth
125497,0.12777196785111467,0.14705242884392453,0.5288723788007519,-0.12722248656472246,-0.015037347304627878,-0.018752821357700584,HDFC Top 100 Fund - Direct Plan - Growth
125498,0.1100714278288617,0.18352430087335778,0.3273213821983956,-0.21117279560132163,-0.018365320169601018,-0.02309379305316794,HDFC Mid-Cap Opportunities Fund - Direct - Growth
148567,0.2919805651631817,0.1419370675462035,1.7048440505818676,-0.1126572907502823,-0.01355977641751056,-0.017622879905822203,Mirae Asset Large Cap Fund - Regular - Growth
148568,0.212287331019114,0.15429144469823297,1.0518232643198047,-0.1527259422823477,-0.014711531333512795,-0.01876476958423089,Mirae Asset Emerging Bluechip Fund - Regular - Growth
148569,0.3043472654509627,0.17674006691346694,1.4391035937283692,-0.16396742946932696,-0.017118192655621135,-0.021328305810328105,Mirae Asset Tax Saver Fund - Regular - Growth
149322,0.13108719756270415,0.14353859818510503,0.5649156295795464,-0.14111986534883092,-0.014473851983792741,-0.018401747612732604,DSP Top 100 Equity Fund - Regular - Growth
149323,0.2839600073808435,0.17746159397550842,1.3183698068954144,-0.17248105753451415,-0.017882076201903473,-0.02260664210042033,DSP Midcap Fund - Regular - Growth
149324,0.3130007730097084,0.24840205005242097,1.0587705413631112,-0.3117190030063417,-0.023483069386777154,-0.03103625202188441,DSP Small Cap Fund - Regular - Growth
